Workbook
Name Plage_EEX_CH: CH!$A$3:$CD$100
Name Plage_EEX_DE: DE!$A$3:$CD$100
Name Plage_EEX_FR: FR!$A$3:$CD$100

Sheet DE
B1: =IF(B2="", "", MID(B2, FIND("_", B2) + 1, 3) & "_" & MID(B2, FIND("_", B2) + 4, 4) & "_" & MID(B2, FIND("_",B2, FIND("_",B2) + 1) + 1, 4)) -> 303_2026_PEAK | C1: =IF(C2="", "", MID(C2, FIND("_", C2) + 1, 3) & "_" & MID(C2, FIND("_", C2) + 4, 4) & "_" & MID(C2, FIND("_",C2, FIND("_",C2) + 1) + 1, 4)) -> Y01_2027_BASE | D1: =IF(D2="", "", MID(D2, FIND("_", D2) + 1, 3) & "_" & MID(D2, FIND("_", D2) + 4, 4) & "_" & MID(D2, FIND("_",D2, FIND("_",D2) + 1) + 1, 4)) -> Y01_2030_BASE | E1: =IF(E2="", "", MID(E2, FIND("_", E2) + 1, 3) & "_" & MID(E2, FIND("_", E2) + 4, 4) & "_" & MID(E2, FIND("_",E2, FIND("_",E2) + 1) + 1, 4)) -> Y01_2032_BASE | F1: =IF(F2="", "", MID(F2, FIND("_", F2) + 1, 3) & "_" & MID(F2, FIND("_", F2) + 4, 4) & "_" & MID(F2, FIND("_",F2, FIND("_",F2) + 1) + 1, 4)) -> Y01_2028_PEAK | G1: =IF(G2="", "", MID(G2, FIND("_", G2) + 1, 3) & "_" & MID(G2, FIND("_", G2) + 4, 4) & "_" & MID(G2, FIND("_",G2, FIND("_",G2) + 1) + 1, 4)) -> Q01_2027_BASE | H1: =IF(H2="", "", MID(H2, FIND("_", H2) + 1, 3) & "_" & MID(H2, FIND("_", H2) + 4, 4) & "_" & MID(H2, FIND("_",H2, FIND("_",H2) + 1) + 1, 4)) -> Q03_2027_PEAK | I1: =IF(I2="", "", MID(I2, FIND("_", I2) + 1, 3) & "_" & MID(I2, FIND("_", I2) + 4, 4) & "_" & MID(I2, FIND("_",I2, FIND("_",I2) + 1) + 1, 4)) -> M05_2026_BASE | ... CD1: =IF(CD2="", "", MID(CD2, FIND("_", CD2) + 1, 3) & "_" & MID(CD2, FIND("_", CD2) + 4, 4) & "_" & MID(CD2, FIND("_",CD2, FIND("_",CD2) + 1) + 1, 4)) -> Q04_2027_PEAK
B2: DE000EEX0DEP3_3032026_PEAK0000000 | C2: DE000EEX0DEBY_Y012027_BASE0000000 | D2: DE000EEX0DEBY_Y012030_BASE0000000 | E2: DE000EEX0DEBY_Y012032_BASE0000000 | F2: DE000EEX0DEPY_Y012028_PEAK0000000 | G2: DE000EEX0DEBQ_Q012027_BASE0000000 | H2: DE000EEX0DEPQ_Q032027_PEAK0000000 | I2: DE000EEX0DEBM_M052026_BASE0000000 | J2: DE000EEX0DEBM_M022027_BASE0000000 | K2: DE000EEX0DEBM_M092027_BASE0000000 | L2: DE000EEX0DEBM_M102026_BASE0000000 | M2: DE000EEX0DEBM_M112026_BASE0000000 | N2: DE000EEX0DEBM_M122026_BASE0000000 | O2: DE000EEX0DEB2_2032026_BASE0000000 | P2: DE000EEX0DEB2_2042026_BASE0000000 | Q2: DE000EEX0DEPM_M112026_PEAK0000000 | R2: DE000EEX0DEBY_Y012029_BASE0000000 | S2: DE000EEX0DEPY_Y012029_PEAK0000000 | T2: DE000EEX0DEPQ_Q042026_PEAK0000000 | U2: DE000EEX0DEBQ_Q022027_BASE0000000 | V2: DE000EEX0DEBQ_Q042027_BASE0000000 | W2: DE000EEX0DEBQ_Q012028_BASE0000000 | X2: DE000EEX0DEBM_M082027_BASE0000000 | Y2: DE000EEX0DEBY_Y012036_BASE0000000 | Z2: DE000EEX0DEP5_5032026_PEAK0000000 | AA2: DE000EEX0DEPM_M122026_PEAK0000000 | AB2: DE000EEX0DEB1_1042026_BASE0000000 | AC2: DE000EEX0DEBY_Y012028_BASE0000000 | AD2: DE000EEX0DEBQ_Q032027_BASE0000000 | AE2: DE000EEX0DEPM_M052026_PEAK0000000 | AF2: DE000EEX0DEBM_M032028_BASE0000000 | AG2: DE000EEX0DEBQ_Q032026_BASE0000000 | AH2: DE000EEX0DEBY_Y012034_BASE0000000 | AI2: DE000EEX0DEBQ_Q042026_BASE0000000 | AJ2: DE000EEX0DEBY_Y012035_BASE0000000 | AK2: DE000EEX0DEPQ_Q022027_PEAK0000000 | AL2: DE000EEX0DEBM_M012027_BASE0000000 | AM2: DE000EEX0DEBM_M052027_BASE0000000 | AN2: DE000EEX0DEPY_Y012032_PEAK0000000 | AO2: DE000EEX0DEPQ_Q032028_PEAK0000000 | AP2: DE000EEX0DEPQ_Q012028_PEAK0000000 | AQ2: DE000EEX0DEPM_M082026_PEAK0000000 | AR2: DE000EEX0DEBM_M022028_BASE0000000 | AS2: DE000EEX0DEB3_3032026_BASE0000000 | AT2: DE000EEX0DEPM_M102026_PEAK0000000 | AU2: DE000EEX0DEPM_M092026_PEAK0000000 | AV2: DE000EEX0DEPY_Y012027_PEAK0000000 | AW2: DE000EEX0DEBM_M062026_BASE0000000 | AX2: DE000EEX0DEBM_M082026_BASE0000000 | AY2: DE000EEX0DEBM_M032027_BASE0000000 | AZ2: DE000EEX0DEBM_M042027_BASE0000000 | BA2: DE000EEX0DEBM_M062027_BASE0000000 | BB2: DE000EEX0DEBM_M112027_BASE0000000 | BC2: DE000EEX0DEBQ_Q022028_BASE0000000 | BD2: DE000EEX0DEBQ_Q032028_BASE0000000 | BE2: DE000EEX0DEPM_M072026_PEAK0000000 | BF2: DE000EEX0DEP2_2042026_PEAK0000000 | BG2: DE000EEX0DEPQ_Q042028_PEAK0000000 | BH2: DE000EEX0DEBY_Y012033_BASE0000000 | BI2: DE000EEX0DEPY_Y012030_PEAK0000000 | BJ2: DE000EEX0DEPQ_Q022026_PEAK0000000 | BK2: DE000EEX0DEPQ_Q012027_PEAK0000000 | BL2: DE000EEX0DEBM_M072026_BASE0000000 | BM2: DE000EEX0DEPM_M042026_PEAK0000000 | BN2: DE000EEX0DEBM_M072027_BASE0000000 | BO2: DE000EEX0DEBM_M092026_BASE0000000 | BP2: DE000EEX0DEBM_M122027_BASE0000000 | BQ2: DE000EEX0DEPQ_Q022028_PEAK0000000 | BR2: DE000EEX0DEBQ_Q042028_BASE0000000 | BS2: DE000EEX0DEP2_2032026_PEAK0000000 | BT2: DE000EEX0DEP1_1042026_PEAK0000000 | BU2: DE000EEX0DEBQ_Q022026_BASE0000000 | BV2: DE000EEX0DEPQ_Q032026_PEAK0000000 | BW2: DE000EEX0DEBM_M042026_BASE0000000 | BX2: DE000EEX0DEPM_M032026_PEAK0000000 | BY2: DE000EEX0DEBM_M012028_BASE0000000 | BZ2: DE000EEX0DEB4_4032026_BASE0000000 | CA2: DE000EEX0DEBY_Y012031_BASE0000000 | CB2: DE000EEX0DEPY_Y012031_PEAK0000000 | CC2: DE000EEX0DEBM_M032026_BASE0000000 | CD2: DE000EEX0DEPQ_Q042027_PEAK0000000 | CE2: DE000EEX0DEPM_M062026_PEAK0000000 | CF2: DE000EEX0DEBM_M102027_BASE0000000 | CG2: DE000EEX0DEB5_5032026_BASE0000000 | CH2: DE000EEX0DEP4_4032026_PEAK0000000
A3: Date | B3: =IF(B1="","",IF(AND(LEFT(B1,1)<>"Y",LEFT(B1,1)<>"Q",LEFT(B1,1)<>"M"),"Week"&WEEKNUM(DATE(MID(B1,5,4),MID(B1,2,2),1) + (MID(B1,1,1)-1)*7 - 1,2)&" "&MID(B1,7,2)&" "&RIGHT(B1,4),VLOOKUP(LEFT(B1,3),Produits!$A$1:$B$17,2,FALSE)&" "&MID(B1,7,2)&" "&RIGHT(B1,4))) -> Week11 26 PEAK | C3: =IF(C1="","",IF(AND(LEFT(C1,1)<>"Y",LEFT(C1,1)<>"Q",LEFT(C1,1)<>"M"),"Week"&WEEKNUM(DATE(MID(C1,5,4),MID(C1,2,2),1) + (MID(C1,1,1)-1)*7 - 1,2)&" "&MID(C1,7,2)&" "&RIGHT(C1,4),VLOOKUP(LEFT(C1,3),Produits!$A$1:$B$17,2,FALSE)&" "&MID(C1,7,2)&" "&RIGHT(C1,4))) -> Cal 27 BASE | D3: =IF(D1="","",IF(AND(LEFT(D1,1)<>"Y",LEFT(D1,1)<>"Q",LEFT(D1,1)<>"M"),"Week"&WEEKNUM(DATE(MID(D1,5,4),MID(D1,2,2),1) + (MID(D1,1,1)-1)*7 - 1,2)&" "&MID(D1,7,2)&" "&RIGHT(D1,4),VLOOKUP(LEFT(D1,3),Produits!$A$1:$B$17,2,FALSE)&" "&MID(D1,7,2)&" "&RIGHT(D1,4))) -> Cal 30 BASE | E3: =IF(E1="","",IF(AND(LEFT(E1,1)<>"Y",LEFT(E1,1)<>"Q",LEFT(E1,1)<>"M"),"Week"&WEEKNUM(DATE(MID(E1,5,4),MID(E1,2,2),1) + (MID(E1,1,1)-1)*7 - 1,2)&" "&MID(E1,7,2)&" "&RIGHT(E1,4),VLOOKUP(LEFT(E1,3),Produits!$A$1:$B$17,2,FALSE)&" "&MID(E1,7,2)&" "&RIGHT(E1,4))) -> Cal 32 BASE | F3: =IF(F1="","",IF(AND(LEFT(F1,1)<>"Y",LEFT(F1,1)<>"Q",LEFT(F1,1)<>"M"),"Week"&WEEKNUM(DATE(MID(F1,5,4),MID(F1,2,2),1) + (MID(F1,1,1)-1)*7 - 1,2)&" "&MID(F1,7,2)&" "&RIGHT(F1,4),VLOOKUP(LEFT(F1,3),Produits!$A$1:$B$17,2,FALSE)&" "&MID(F1,7,2)&" "&RIGHT(F1,4))) -> Cal 28 PEAK | G3: =IF(G1="","",IF(AND(LEFT(G1,1)<>"Y",LEFT(G1,1)<>"Q",LEFT(G1,1)<>"M"),"Week"&WEEKNUM(DATE(MID(G1,5,4),MID(G1,2,2),1) + (MID(G1,1,1)-1)*7 - 1,2)&" "&MID(G1,7,2)&" "&RIGHT(G1,4),VLOOKUP(LEFT(G1,3),Produits!$A$1:$B$17,2,FALSE)&" "&MID(G1,7,2)&" "&RIGHT(G1,4))) -> Q1 27 BASE | H3: =IF(H1="","",IF(AND(LEFT(H1,1)<>"Y",LEFT(H1,1)<>"Q",LEFT(H1,1)<>"M"),"Week"&WEEKNUM(DATE(MID(H1,5,4),MID(H1,2,2),1) + (MID(H1,1,1)-1)*7 - 1,2)&" "&MID(H1,7,2)&" "&RIGHT(H1,4),VLOOKUP(LEFT(H1,3),Produits!$A$1:$B$17,2,FALSE)&" "&MID(H1,7,2)&" "&RIGHT(H1,4))) -> Q3 27 PEAK | I3: =IF(I1="","",IF(AND(LEFT(I1,1)<>"Y",LEFT(I1,1)<>"Q",LEFT(I1,1)<>"M"),"Week"&WEEKNUM(DATE(MID(I1,5,4),MID(I1,2,2),1) + (MID(I1,1,1)-1)*7 - 1,2)&" "&MID(I1,7,2)&" "&RIGHT(I1,4),VLOOKUP(LEFT(I1,3),Produits!$A$1:$B$17,2,FALSE)&" "&MID(I1,7,2)&" "&RIGHT(I1,4))) -> Mai 26 BASE | ... BZ3: =IF(BZ1="","",IF(AND(LEFT(BZ1,1)<>"Y",LEFT(BZ1,1)<>"Q",LEFT(BZ1,1)<>"M"),"Week"&WEEKNUM(DATE(MID(BZ1,5,4),MID(BZ1,2,2),1) + (MID(BZ1,1,1)-1)*7 - 1,2)&" "&MID(BZ1,7,2)&" "&RIGHT(BZ1,4),VLOOKUP(LEFT(BZ1,3),Produits!$A$1:$B$17,2,FALSE)&" "&MID(BZ1,7,2)&" "&RIGHT(BZ1,4))) -> Week12 26 BASE
A4: 10.02.2026 | B4: 98.91 | C4: 82.15 | D4: 70.31 | E4: 67.62 | F4: 80.05 | G4: 95.45 | H4: 68.19 | I4: 68 | J4: 101.14 | K4: 80.37 | L4: 89.12 | M4: 100.22 | N4: 99.1 | O4: 97.81 | P4: 0 | Q4: 0 | R4: 71.4 | S4: 76.5 | T4: 116.01 | U4: 66.76 | V4: 90.42 | W4: 90.37 | X4: 75.28 | Y4: 70.2 | Z4: 0 | AA4: 0 | AB4: 0 | AC4: 75.8 | AD4: 76.1 | AE4: 43.69 | AF4: 0 | AG4: 81.57 | AH4: 70.2 | AI4: 96.1 | AJ4: 70.2 | AK4: 48.92 | AL4: 101.43 | AM4: 64.59 | AN4: 76.12 | AO4: 63.7 | AP4: 105.16 | AQ4: 66.25 | AR4: 96.21 | AS4: 92.29 | AT4: 0 | AU4: 0 | AV4: 86.61 | AW4: 72.94 | AX4: 79.17 | AY4: 84.32 | AZ4: 66.15 | BA4: 69.61 | BB4: 95.64 | BC4: 61.08 | BD4: 68.45 | BE4: 63.13 | BF4: 0 | BG4: 0 | BH4: 68.87 | BI4: 76.95 | BJ4: 51.85 | BK4: 112.9 | BL4: 77.79 | BM4: 60.55 | BN4: 72.78 | BO4: 87.96 | BP4: 94.22 | BQ4: 48.76 | BR4: 83.31 | BS4: 106 | BT4: 0 | BU4: 72.3 | BV4: 72.4 | BW4: 76.1 | BX4: 92.66 | BY4: 102.88 | BZ4: 0 | CA4: 69.34 | CB4: 76.4 | CC4: 88.71 | CD4: 116.66 | CE4: 50.93 | CF4: 81.59 | CG4: 0 | CH4: 0
A5: 11.02.2026 | B5: 96.79 | C5: 81.85 | D5: 69.77 | E5: 67.08 | F5: 79.45 | G5: 95.09 | H5: 67.83 | I5: 67.56 | J5: 100.76 | K5: 80.34 | L5: 88.77 | M5: 99.82 | N5: 98.71 | O5: 94.05 | P5: 0 | Q5: 0 | R5: 70.94 | S5: 75.91 | T5: 115.05 | U5: 66.49 | V5: 89.88 | W5: 89.71 | X5: 75.25 | Y5: 69.66 | Z5: 0 | AA5: 0 | AB5: 0 | AC5: 75.45 | AD5: 76.07 | AE5: 44.93 | AF5: 0 | AG5: 81.43 | AH5: 69.66 | AI5: 95.72 | AJ5: 69.66 | AK5: 48.52 | AL5: 101.05 | AM5: 64.33 | AN5: 75.69 | AO5: 63.38 | AP5: 104.63 | AQ5: 66.33 | AR5: 95.55 | AS5: 90 | AT5: 0 | AU5: 0 | AV5: 85.8 | AW5: 72.48 | AX5: 79.02 | AY5: 84 | AZ5: 65.88 | BA5: 69.33 | BB5: 95.07 | BC5: 60.88 | BD5: 68.22 | BE5: 63.21 | BF5: 0 | BG5: 0 | BH5: 68.33 | BI5: 76.78 | BJ5: 51.98 | BK5: 112.79 | BL5: 77.67 | BM5: 60.39 | BN5: 72.75 | BO5: 87.8 | BP5: 93.66 | BQ5: 48.47 | BR5: 82.99 | BS5: 104.67 | BT5: 0 | BU5: 71.7 | BV5: 72.12 | BW5: 75.2 | BX5: 90.79 | BY5: 102.17 | BZ5: 0 | CA5: 68.8 | CB5: 76.23 | CC5: 87.15 | CD5: 114.31 | CE5: 50.29 | CF5: 81.1 | CG5: 0 | CH5: 0
A6: 12.02.2026 | B6: 97.13 | C6: 79.14 | D6: 68.89 | E6: 65.85 | F6: 76.72 | G6: 92.17 | H6: 65.01 | I6: 65.45 | J6: 97.47 | K6: 76.61 | L6: 86.12 | M6: 97.12 | N6: 95.88 | O6: 93.51 | P6: 0 | Q6: 0 | R6: 69.87 | S6: 74.25 | T6: 113.41 | U6: 63.76 | V6: 87.49 | W6: 86.78 | X6: 72.46 | Y6: 68.43 | Z6: 0 | AA6: 0 | AB6: 0 | AC6: 72.83 | AD6: 73.27 | AE6: 41.7 | AF6: 0 | AG6: 78.59 | AH6: 68.43 | AI6: 92.99 | AJ6: 68.43 | AK6: 46.43 | AL6: 98.67 | AM6: 61.6 | AN6: 73.75 | AO6: 61.3 | AP6: 101.21 | AQ6: 64.25 | AR6: 93.05 | AS6: 90.73 | AT6: 0 | AU6: 0 | AV6: 83.2 | AW6: 69.75 | AX6: 76.13 | AY6: 80.87 | AZ6: 62.55 | BA6: 67.2 | BB6: 91.02 | BC6: 58.24 | BD6: 65.88 | BE6: 61.23 | BF6: 0 | BG6: 0 | BH6: 67.1 | BI6: 74.82 | BJ6: 50.28 | BK6: 109.35 | BL6: 74.76 | BM6: 59.1 | BN6: 70.86 | BO6: 85.1 | BP6: 89.63 | BQ6: 46.85 | BR6: 80.4 | BS6: 106.5 | BT6: 0 | BU6: 69.38 | BV6: 69.6 | BW6: 73.08 | BX6: 90.18 | BY6: 99.49 | BZ6: 0 | CA6: 67.57 | CB6: 74.37 | CC6: 86.15 | CD6: 112.24 | CE6: 49.65 | CF6: 81.93 | CG6: 0 | CH6: 0
A7: 13.02.2026 | B7: 96.5 | C7: 77.3 | D7: 68.18 | E7: 65.14 | F7: 75.42 | G7: 90.02 | H7: 63.72 | I7: 64.92 | J7: 95.25 | K7: 74.66 | L7: 84.74 | M7: 94.89 | N7: 94.6 | O7: 91.9 | P7: 0 | Q7: 0 | R7: 69.31 | S7: 74.88 | T7: 111.98 | U7: 61.81 | V7: 85.8 | W7: 85.84 | X7: 71.04 | Y7: 67.72 | Z7: 0 | AA7: 0 | AB7: 0 | AC7: 71.59 | AD7: 71.68 | AE7: 41.11 | AF7: 0 | AG7: 77.38 | AH7: 67.72 | AI7: 91.37 | AJ7: 67.72 | AK7: 45.26 | AL7: 96.45 | AM7: 59.73 | AN7: 74.75 | AO7: 60.25 | AP7: 99.5 | AQ7: 63.42 | AR7: 92.29 | AS7: 89.25 | AT7: 0 | AU7: 0 | AV7: 81.41 | AW7: 69.84 | AX7: 74.9 | AY7: 78.85 | AZ7: 60.45 | BA7: 65.33 | BB7: 88.77 | BC7: 57.35 | BD7: 64.28 | BE7: 60.44 | BF7: 0 | BG7: 0 | BH7: 66.39 | BI7: 75.05 | BJ7: 50.7 | BK7: 106.94 | BL7: 73.67 | BM7: 60.35 | BN7: 69.44 | BO7: 83.77 | BP7: 87.41 | BQ7: 46.01 | BR7: 78.89 | BS7: 103.5 | BT7: 0 | BU7: 68.89 | BV7: 69 | BW7: 72.03 | BX7: 88.37 | BY7: 98.68 | BZ7: 0 | CA7: 66.86 | CB7: 74.9 | CC7: 84.35 | CD7: 109.94 | CE7: 50.2 | CF7: 81.31 | CG7: 0 | CH7: 0
A8: 14.02.2026 | B8: 0 | C8: 0 | D8: 0 | E8: 0 | F8: 0 | G8: 0 | H8: 0 | I8: 0 | J8: 0 | K8: 0 | L8: 0 | M8: 0 | N8: 0 | O8: 0 | P8: 0 | Q8: 0 | R8: 0 | S8: 0 | T8: 0 | U8: 0 | V8: 0 | W8: 0 | X8: 0 | Y8: 0 | Z8: 0 | AA8: 0 | AB8: 0 | AC8: 0 | AD8: 0 | AE8: 0 | AF8: 0 | AG8: 0 | AH8: 0 | AI8: 0 | AJ8: 0 | AK8: 0 | AL8: 0 | AM8: 0 | AN8: 0 | AO8: 0 | AP8: 0 | AQ8: 0 | AR8: 0 | AS8: 0 | AT8: 0 | AU8: 0 | AV8: 0 | AW8: 0 | AX8: 0 | AY8: 0 | AZ8: 0 | BA8: 0 | BB8: 0 | BC8: 0 | BD8: 0 | BE8: 0 | BF8: 0 | BG8: 0 | BH8: 0 | BI8: 0 | BJ8: 0 | BK8: 0 | BL8: 0 | BM8: 0 | BN8: 0 | BO8: 0 | BP8: 0 | BQ8: 0 | BR8: 0 | BS8: 0 | BT8: 0 | BU8: 0 | BV8: 0 | BW8: 0 | BX8: 0 | BY8: 0 | BZ8: 0 | CA8: 0 | CB8: 0 | CC8: 0 | CD8: 0 | CE8: 0 | CF8: 0 | CG8: 0 | CH8: 0
A9: 15.02.2026 | B9: 0 | C9: 0 | D9: 0 | E9: 0 | F9: 0 | G9: 0 | H9: 0 | I9: 0 | J9: 0 | K9: 0 | L9: 0 | M9: 0 | N9: 0 | O9: 0 | P9: 0 | Q9: 0 | R9: 0 | S9: 0 | T9: 0 | U9: 0 | V9: 0 | W9: 0 | X9: 0 | Y9: 0 | Z9: 0 | AA9: 0 | AB9: 0 | AC9: 0 | AD9: 0 | AE9: 0 | AF9: 0 | AG9: 0 | AH9: 0 | AI9: 0 | AJ9: 0 | AK9: 0 | AL9: 0 | AM9: 0 | AN9: 0 | AO9: 0 | AP9: 0 | AQ9: 0 | AR9: 0 | AS9: 0 | AT9: 0 | AU9: 0 | AV9: 0 | AW9: 0 | AX9: 0 | AY9: 0 | AZ9: 0 | BA9: 0 | BB9: 0 | BC9: 0 | BD9: 0 | BE9: 0 | BF9: 0 | BG9: 0 | BH9: 0 | BI9: 0 | BJ9: 0 | BK9: 0 | BL9: 0 | BM9: 0 | BN9: 0 | BO9: 0 | BP9: 0 | BQ9: 0 | BR9: 0 | BS9: 0 | BT9: 0 | BU9: 0 | BV9: 0 | BW9: 0 | BX9: 0 | BY9: 0 | BZ9: 0 | CA9: 0 | CB9: 0 | CC9: 0 | CD9: 0 | CE9: 0 | CF9: 0 | CG9: 0 | CH9: 0
A10: 16.02.2026 | B10: 90.56 | C10: 76.62 | D10: 67.86 | E10: 64.82 | F10: 75.66 | G10: 89.01 | H10: 63.88 | I10: 63.5 | J10: 93.89 | K10: 74.99 | L10: 83.57 | M10: 94.01 | N10: 93.38 | O10: 85.94 | P10: 0 | Q10: 0 | R10: 69.02 | S10: 74.1 | T10: 110.57 | U10: 61.39 | V10: 85.04 | W10: 85.79 | X10: 69.99 | Y10: 67.4 | Z10: 0 | AA10: 0 | AB10: 0 | AC10: 71.42 | AD10: 71.15 | AE10: 41.36 | AF10: 0 | AG10: 75.72 | AH10: 67.4 | AI10: 90.28 | AJ10: 67.4 | AK10: 44.7 | AL10: 95.08 | AM10: 58.71 | AN10: 74.45 | AO10: 60.48 | AP10: 99.9 | AQ10: 62.75 | AR10: 92.3 | AS10: 83.5 | AT10: 0 | AU10: 0 | AV10: 80.83 | AW10: 68.76 | AX10: 73.27 | AY10: 78.51 | AZ10: 61.31 | BA10: 64.23 | BB10: 87.98 | BC10: 57.41 | BD10: 64.29 | BE10: 59.8 | BF10: 0 | BG10: 0 | BH10: 66.07 | BI10: 74.75 | BJ10: 49.78 | BK10: 105.7 | BL10: 71.91 | BM10: 58.55 | BN10: 68.59 | BO10: 82.19 | BP10: 86.64 | BQ10: 46.15 | BR10: 78.19 | BS10: 95.6 | BT10: 0 | BU10: 67.23 | BV10: 68.15 | BW10: 69.55 | BX10: 83.99 | BY10: 98.69 | BZ10: 80.97 | CA10: 66.54 | CB10: 74.6 | CC10: 80.26 | CD10: 109.25 | CE10: 49.05 | CF10: 80.59 | CG10: 0 | CH10: 84.8
A11: 17.02.2026 | B11: 87.15 | C11: 77.01 | D11: 68.25 | E11: 65.21 | F11: 76.29 | G11: 89.29 | H11: 64.49 | I11: 63.06 | J11: 94.19 | K11: 75.61 | L11: 83.69 | M11: 94.15 | N11: 93.05 | O11: 83.22 | P11: 0 | Q11: 0 | R11: 69.55 | S11: 74.73 | T11: 110.7 | U11: 61.76 | V11: 85.51 | W11: 86.52 | X11: 70.35 | Y11: 67.79 | Z11: 0 | AA11: 0 | AB11: 0 | AC11: 72.07 | AD11: 71.59 | AE11: 41.19 | AF11: 0 | AG11: 75.8 | AH11: 67.79 | AI11: 90.25 | AJ11: 67.79 | AK11: 45.41 | AL11: 95.38 | AM11: 59.27 | AN11: 74.99 | AO11: 60.92 | AP11: 100.27 | AQ11: 62.45 | AR11: 92.96 | AS11: 79.91 | AT11: 0 | AU11: 0 | AV11: 81.22 | AW11: 68.37 | AX11: 73.5 | AY11: 78.76 | AZ11: 61.67 | BA11: 64.41 | BB11: 88.47 | BC11: 57.94 | BD11: 64.8 | BE11: 59.52 | BF11: 0 | BG11: 0 | BH11: 66.46 | BI11: 75.29 | BJ11: 49.25 | BK11: 105.68 | BL11: 72.52 | BM11: 57.68 | BN11: 68.94 | BO11: 81.56 | BP11: 87.12 | BQ11: 46.44 | BR11: 79.03 | BS11: 91.7 | BT11: 0 | BU11: 67.2 | BV11: 67.74 | BW11: 70.31 | BX11: 82.66 | BY11: 99.39 | BZ11: 78.06 | CA11: 66.93 | CB11: 75.14 | CC11: 78.83 | CD11: 109.5 | CE11: 48.51 | CF11: 81.03 | CG11: 0 | CH11: 83.1
A12: 18.02.2026 | B12: 85.83 | C12: 79.4 | D12: 69.36 | E12: 66.32 | F12: 78.07 | G12: 91.64 | H12: 67.31 | I12: 64.75 | J12: 97.43 | K12: 76.56 | L12: 84.81 | M12: 96.77 | N12: 95.69 | O12: 88.16 | P12: 0 | Q12: 0 | R12: 70.95 | S12: 76.2 | T12: 112.24 | U12: 64.15 | V12: 87.98 | W12: 88.43 | X12: 73.4 | Y12: 68.9 | Z12: 0 | AA12: 0 | AB12: 0 | AC12: 73.68 | AD12: 73.94 | AE12: 43.08 | AF12: 0 | AG12: 77.55 | AH12: 68.9 | AI12: 92.37 | AJ12: 68.9 | AK12: 48.1 | AL12: 98.65 | AM12: 61.1 | AN12: 75.8 | AO12: 62.31 | AP12: 102.91 | AQ12: 64.12 | AR12: 94.95 | AS12: 81.47 | AT12: 0 | AU12: 0 | AV12: 83.86 | AW12: 69.66 | AX12: 75.4 | AY12: 79.38 | AZ12: 63.3 | BA12: 68.14 | BB12: 91.02 | BC12: 59.47 | BD12: 65.88 | BE12: 61.11 | BF12: 0 | BG12: 0 | BH12: 67.57 | BI12: 76.62 | BJ12: 50.81 | BK12: 108.91 | BL12: 74.25 | BM12: 59.63 | BN12: 71.94 | BO12: 83.19 | BP12: 89.64 | BQ12: 47.46 | BR12: 80.95 | BS12: 93.84 | BT12: 0 | BU12: 69.22 | BV12: 69.2 | BW12: 73.4 | BX12: 85.57 | BY12: 101.52 | BZ12: 78.17 | CA12: 68.04 | CB12: 76.19 | CC12: 81.74 | CD12: 111.34 | CE12: 49.38 | CF12: 83.38 | CG12: 0 | CH12: 81
A13: 19.02.2026 | B13: 89.88 | C13: 80.88 | D13: 70.43 | E13: 67.39 | F13: 78.61 | G13: 94.17 | H13: 68.99 | I13: 67.18 | J13: 100.12 | K13: 77.64 | L13: 88.37 | M13: 99.36 | N13: 98.25 | O13: 91.86 | P13: 0 | Q13: 0 | R13: 72.14 | S13: 77.22 | T13: 115.34 | U13: 65.83 | V13: 88.73 | W13: 89.21 | X13: 74.35 | Y13: 69.97 | Z13: 0 | AA13: 0 | AB13: 0 | AC13: 74.11 | AD13: 74.92 | AE13: 44.42 | AF13: 0 | AG13: 80.22 | AH13: 69.97 | AI13: 95.28 | AJ13: 69.97 | AK13: 49.26 | AL13: 101.38 | AM13: 62.7 | AN13: 76.36 | AO13: 62.96 | AP13: 103.77 | AQ13: 66.41 | AR13: 95.94 | AS13: 83.87 | AT13: 0 | AU13: 0 | AV13: 85.35 | AW13: 72.38 | AX13: 77.8 | AY13: 81.57 | AZ13: 64.96 | BA13: 69.93 | BB13: 91.73 | BC13: 59.44 | BD13: 66.69 | BE13: 63.29 | BF13: 0 | BG13: 0 | BH13: 68.64 | BI13: 77.95 | BJ13: 52.49 | BK13: 110.09 | BL13: 76.64 | BM13: 62.3 | BN13: 72.86 | BO13: 86.42 | BP13: 90.47 | BQ13: 47.92 | BR13: 81.11 | BS13: 96.97 | BT13: 0 | BU13: 71.66 | BV13: 72.15 | BW13: 75.56 | BX13: 87.21 | BY13: 102.58 | BZ13: 81.94 | CA13: 69.11 | CB13: 77.39 | CC13: 83.91 | CD13: 113.27 | CE13: 50.39 | CF13: 84.09 | CG13: 0 | CH13: 84.86
A14: 20.02.2026 | B14: 87.53 | C14: 81.7 | D14: 70.9 | E14: 68.19 | F14: 79.14 | G14: 94.41 | H14: 69.94 | I14: 66.93 | J14: 100.37 | K14: 78.61 | L14: 88.2 | M14: 99.18 | N14: 98.07 | O14: 86.45 | P14: 0 | Q14: 124.56 | R14: 72.54 | S14: 77.35 | T14: 114.21 | U14: 66.85 | V14: 89.8 | W14: 89.72 | X14: 75.28 | Y14: 70.77 | Z14: 0 | AA14: 0 | AB14: 0 | AC14: 74.78 | AD14: 75.86 | AE14: 43.07 | AF14: 0 | AG14: 79.93 | AH14: 70.77 | AI14: 95.1 | AJ14: 70.77 | AK14: 50.1 | AL14: 101.63 | AM14: 63.68 | AN14: 76.9 | AO14: 63.13 | AP14: 104.3 | AQ14: 65.77 | AR14: 96.61 | AS14: 84.35 | AT14: 99.55 | AU14: 85.79 | AV14: 86.12 | AW14: 72.04 | AX14: 77.39 | AY14: 81.79 | AZ14: 65.97 | BA14: 71 | BB14: 92.83 | BC14: 60.35 | BD14: 67.2 | BE14: 62.67 | BF14: 0 | BG14: 101.16 | BH14: 69.44 | BI14: 78.25 | BJ14: 51.38 | BK14: 110.34 | BL14: 76.65 | BM14: 60.75 | BN14: 73.78 | BO14: 85.95 | BP14: 91.56 | BQ14: 47.98 | BR14: 81.86 | BS14: 89.76 | BT14: 0 | BU14: 71.37 | BV14: 71.36 | BW14: 75.29 | BX14: 84.97 | BY14: 103.29 | BZ14: 80.72 | CA14: 69.91 | CB14: 77.67 | CC14: 82.23 | CD14: 114.29 | CE14: 49.95 | CF14: 85.11 | CG14: 0 | CH14: 83.26
A15: 21.02.2026 | B15: 0 | C15: 0 | D15: 0 | E15: 0 | F15: 0 | G15: 0 | H15: 0 | I15: 0 | J15: 0 | K15: 0 | L15: 0 | M15: 0 | N15: 0 | O15: 0 | P15: 0 | Q15: 0 | R15: 0 | S15: 0 | T15: 0 | U15: 0 | V15: 0 | W15: 0 | X15: 0 | Y15: 0 | Z15: 0 | AA15: 0 | AB15: 0 | AC15: 0 | AD15: 0 | AE15: 0 | AF15: 0 | AG15: 0 | AH15: 0 | AI15: 0 | AJ15: 0 | AK15: 0 | AL15: 0 | AM15: 0 | AN15: 0 | AO15: 0 | AP15: 0 | AQ15: 0 | AR15: 0 | AS15: 0 | AT15: 0 | AU15: 0 | AV15: 0 | AW15: 0 | AX15: 0 | AY15: 0 | AZ15: 0 | BA15: 0 | BB15: 0 | BC15: 0 | BD15: 0 | BE15: 0 | BF15: 0 | BG15: 0 | BH15: 0 | BI15: 0 | BJ15: 0 | BK15: 0 | BL15: 0 | BM15: 0 | BN15: 0 | BO15: 0 | BP15: 0 | BQ15: 0 | BR15: 0 | BS15: 0 | BT15: 0 | BU15: 0 | BV15: 0 | BW15: 0 | BX15: 0 | BY15: 0 | BZ15: 0 | CA15: 0 | CB15: 0 | CC15: 0 | CD15: 0 | CE15: 0 | CF15: 0 | CG15: 0 | CH15: 0
... A34: 12.03.2026 | B34: 89.24 | C34: 91.73 | D34: 69.3 | E34: 67.12 | F34: 80.5 | G34: 111.08 | H34: 76.26 | I34: 84.01 | J34: 118.98 | K34: 86.56 | L34: 109.15 | M34: 122.73 | N34: 121.36 | O34: 0 | P34: 90.82 | Q34: 157.72 | R34: 69.27 | S34: 76.74 | T34: 146.02 | U34: 74.92 | V34: 97.63 | W34: 93.62 | X34: 82.88 | Y34: 69.7 | Z34: 94.87 | AA34: 153.07 | AB34: 90.43 | AC34: 73.88 | AD34: 83.53 | AE34: 56.26 | AF34: 81.41 | AG34: 99.25 | AH34: 69.7 | AI34: 117.69 | AJ34: 69.7 | AK34: 57.5 | AL34: 117.91 | AM34: 71.37 | AN34: 75.65 | AO34: 64.06 | AP34: 109.88 | AQ34: 82.68 | AR34: 98.47 | AS34: 96.67 | AT34: 127.47 | AU34: 106.54 | AV34: 98.55 | AW34: 91.44 | AX34: 95.99 | AY34: 97.1 | AZ34: 73.96 | BA34: 79.56 | BB34: 100.95 | BC34: 57.95 | BD34: 64.52 | BE34: 81.72 | BF34: 76.2 | BG34: 100.83 | BH34: 68.37 | BI34: 76.5 | BJ34: 65.71 | BK34: 136.75 | BL34: 95.46 | BM34: 76.78 | BN34: 81.25 | BO34: 106.54 | BP34: 99.57 | BQ34: 47.23 | BR34: 79.48 | BS34: 0 | BT34: 82.77 | BU34: 89.02 | BV34: 90.3 | BW34: 91.77 | BX34: 95.32 | BY34: 101.28 | BZ34: 95.68 | CA34: 68.81 | CB34: 76.25 | CC34: 99.12 | CD34: 124.24 | CE34: 63.65 | CF34: 92.49 | CG34: 98.23 | CH34: 91.71

Sheet CH
B1: =IF(B2="", "", MID(B2, FIND("_", B2) + 1, 3) & "_" & MID(B2, FIND("_", B2) + 4, 4) & "_" & MID(B2, FIND("_",B2, FIND("_",B2) + 1) + 1, 4)) -> 303_2026_PEAK | C1: =IF(C2="", "", MID(C2, FIND("_", C2) + 1, 3) & "_" & MID(C2, FIND("_", C2) + 4, 4) & "_" & MID(C2, FIND("_",C2, FIND("_",C2) + 1) + 1, 4)) -> Q03_2026_BASE | D1: =IF(D2="", "", MID(D2, FIND("_", D2) + 1, 3) & "_" & MID(D2, FIND("_", D2) + 4, 4) & "_" & MID(D2, FIND("_",D2, FIND("_",D2) + 1) + 1, 4)) -> Y01_2030_BASE | E1: =IF(E2="", "", MID(E2, FIND("_", E2) + 1, 3) & "_" & MID(E2, FIND("_", E2) + 4, 4) & "_" & MID(E2, FIND("_",E2, FIND("_",E2) + 1) + 1, 4)) -> Q03_2026_PEAK | F1: =IF(F2="", "", MID(F2, FIND("_", F2) + 1, 3) & "_" & MID(F2, FIND("_", F2) + 4, 4) & "_" & MID(F2, FIND("_",F2, FIND("_",F2) + 1) + 1, 4)) -> Q01_2027_PEAK | G1: =IF(G2="", "", MID(G2, FIND("_", G2) + 1, 3) & "_" & MID(G2, FIND("_", G2) + 4, 4) & "_" & MID(G2, FIND("_",G2, FIND("_",G2) + 1) + 1, 4)) -> Q02_2027_PEAK | H1: =IF(H2="", "", MID(H2, FIND("_", H2) + 1, 3) & "_" & MID(H2, FIND("_", H2) + 4, 4) & "_" & MID(H2, FIND("_",H2, FIND("_",H2) + 1) + 1, 4)) -> M04_2026_BASE | I1: =IF(I2="", "", MID(I2, FIND("_", I2) + 1, 3) & "_" & MID(I2, FIND("_", I2) + 4, 4) & "_" & MID(I2, FIND("_",I2, FIND("_",I2) + 1) + 1, 4)) -> 503_2026_PEAK | ... CD1: =IF(CD2="", "", MID(CD2, FIND("_", CD2) + 1, 3) & "_" & MID(CD2, FIND("_", CD2) + 4, 4) & "_" & MID(CD2, FIND("_",CD2, FIND("_",CD2) + 1) + 1, 4))
B2: CH000EEX0FCP3_3032026_PEAK0000000 | C2: CH000EEX0FCBQ_Q032026_BASE0000000 | D2: CH000EEX0FCBY_Y012030_BASE0000000 | E2: CH000EEX0FCPQ_Q032026_PEAK0000000 | F2: CH000EEX0FCPQ_Q012027_PEAK0000000 | G2: CH000EEX0FCPQ_Q022027_PEAK0000000 | H2: CH000EEX0FCBM_M042026_BASE0000000 | I2: CH000EEX0FCP5_5032026_PEAK0000000 | J2: CH000EEX0FCB3_3032026_BASE0000000 | K2: CH000EEX0FCP1_1042026_PEAK0000000 | L2: CH000EEX0FCPQ_Q042026_PEAK0000000 | M2: CH000EEX0FCPY_Y012031_PEAK0000000 | N2: CH000EEX0FCBQ_Q032027_BASE0000000 | O2: CH000EEX0FCPM_M052026_PEAK0000000 | P2: CH000EEX0FCBQ_Q042027_BASE0000000 | Q2: CH000EEX0FCBM_M082026_BASE0000000 | R2: CH000EEX0FCP2_2032026_PEAK0000000 | S2: CH000EEX0FCPY_Y012027_PEAK0000000 | T2: CH000EEX0FCBY_Y012029_BASE0000000 | U2: CH000EEX0FCPM_M062026_PEAK0000000 | V2: CH000EEX0FCPM_M072026_PEAK0000000 | W2: CH000EEX0FCP4_4032026_PEAK0000000 | X2: CH000EEX0FCPM_M092026_PEAK0000000 | Y2: CH000EEX0FCB2_2042026_BASE0000000 | Z2: CH000EEX0FCP2_2042026_PEAK0000000 | AA2: CH000EEX0FCBQ_Q042026_BASE0000000 | AB2: CH000EEX0FCPM_M042026_PEAK0000000 | AC2: CH000EEX0FCPQ_Q032027_PEAK0000000 | AD2: CH000EEX0FCB1_1042026_BASE0000000 | AE2: CH000EEX0FCBM_M092026_BASE0000000 | AF2: CH000EEX0FCBY_Y012031_BASE0000000 | AG2: CH000EEX0FCPQ_Q042027_PEAK0000000 | AH2: CH000EEX0FCB2_2032026_BASE0000000 | AI2: CH000EEX0FCBY_Y012028_BASE0000000 | AJ2: CH000EEX0FCBQ_Q022026_BASE0000000 | AK2: CH000EEX0FCBQ_Q022027_BASE0000000 | AL2: CH000EEX0FCPM_M032026_PEAK0000000 | AM2: CH000EEX0FCBM_M072026_BASE0000000 | AN2: CH000EEX0FCPY_Y012032_PEAK0000000 | AO2: CH000EEX0FCB5_5032026_BASE0000000 | AP2: CH000EEX0FCPQ_Q022026_PEAK0000000 | AQ2: CH000EEX0FCPY_Y012029_PEAK0000000 | AR2: CH000EEX0FCPY_Y012030_PEAK0000000 | AS2: CH000EEX0FCBQ_Q012027_BASE0000000 | AT2: CH000EEX0FCBM_M052026_BASE0000000 | AU2: CH000EEX0FCB4_4032026_BASE0000000 | AV2: CH000EEX0FCBY_Y012027_BASE0000000 | AW2: CH000EEX0FCPY_Y012028_PEAK0000000 | AX2: CH000EEX0FCBM_M032026_BASE0000000 | AY2: CH000EEX0FCBM_M062026_BASE0000000 | AZ2: CH000EEX0FCBY_Y012032_BASE0000000 | BA2: CH000EEX0FCPM_M082026_PEAK0000000
A3: Date | B3: =IF(B1="","",IF(AND(LEFT(B1,1)<>"Y",LEFT(B1,1)<>"Q",LEFT(B1,1)<>"M"),"Week"&WEEKNUM(DATE(MID(B1,5,4),MID(B1,2,2),1) + (MID(B1,1,1)-1)*7 - 1,2)&" "&MID(B1,7,2)&" "&RIGHT(B1,4),VLOOKUP(LEFT(B1,3),Produits!$A$1:$B$17,2,FALSE)&" "&MID(B1,7,2)&" "&RIGHT(B1,4))) -> Week11 26 PEAK | C3: =IF(C1="","",IF(AND(LEFT(C1,1)<>"Y",LEFT(C1,1)<>"Q",LEFT(C1,1)<>"M"),"Week"&WEEKNUM(DATE(MID(C1,5,4),MID(C1,2,2),1) + (MID(C1,1,1)-1)*7 - 1,2)&" "&MID(C1,7,2)&" "&RIGHT(C1,4),VLOOKUP(LEFT(C1,3),Produits!$A$1:$B$17,2,FALSE)&" "&MID(C1,7,2)&" "&RIGHT(C1,4))) -> Q3 26 BASE | D3: =IF(D1="","",IF(AND(LEFT(D1,1)<>"Y",LEFT(D1,1)<>"Q",LEFT(D1,1)<>"M"),"Week"&WEEKNUM(DATE(MID(D1,5,4),MID(D1,2,2),1) + (MID(D1,1,1)-1)*7 - 1,2)&" "&MID(D1,7,2)&" "&RIGHT(D1,4),VLOOKUP(LEFT(D1,3),Produits!$A$1:$B$17,2,FALSE)&" "&MID(D1,7,2)&" "&RIGHT(D1,4))) -> Cal 30 BASE | E3: =IF(E1="","",IF(AND(LEFT(E1,1)<>"Y",LEFT(E1,1)<>"Q",LEFT(E1,1)<>"M"),"Week"&WEEKNUM(DATE(MID(E1,5,4),MID(E1,2,2),1) + (MID(E1,1,1)-1)*7 - 1,2)&" "&MID(E1,7,2)&" "&RIGHT(E1,4),VLOOKUP(LEFT(E1,3),Produits!$A$1:$B$17,2,FALSE)&" "&MID(E1,7,2)&" "&RIGHT(E1,4))) -> Q3 26 PEAK | F3: =IF(F1="","",IF(AND(LEFT(F1,1)<>"Y",LEFT(F1,1)<>"Q",LEFT(F1,1)<>"M"),"Week"&WEEKNUM(DATE(MID(F1,5,4),MID(F1,2,2),1) + (MID(F1,1,1)-1)*7 - 1,2)&" "&MID(F1,7,2)&" "&RIGHT(F1,4),VLOOKUP(LEFT(F1,3),Produits!$A$1:$B$17,2,FALSE)&" "&MID(F1,7,2)&" "&RIGHT(F1,4))) -> Q1 27 PEAK | G3: =IF(G1="","",IF(AND(LEFT(G1,1)<>"Y",LEFT(G1,1)<>"Q",LEFT(G1,1)<>"M"),"Week"&WEEKNUM(DATE(MID(G1,5,4),MID(G1,2,2),1) + (MID(G1,1,1)-1)*7 - 1,2)&" "&MID(G1,7,2)&" "&RIGHT(G1,4),VLOOKUP(LEFT(G1,3),Produits!$A$1:$B$17,2,FALSE)&" "&MID(G1,7,2)&" "&RIGHT(G1,4))) -> Q2 27 PEAK | H3: =IF(H1="","",IF(AND(LEFT(H1,1)<>"Y",LEFT(H1,1)<>"Q",LEFT(H1,1)<>"M"),"Week"&WEEKNUM(DATE(MID(H1,5,4),MID(H1,2,2),1) + (MID(H1,1,1)-1)*7 - 1,2)&" "&MID(H1,7,2)&" "&RIGHT(H1,4),VLOOKUP(LEFT(H1,3),Produits!$A$1:$B$17,2,FALSE)&" "&MID(H1,7,2)&" "&RIGHT(H1,4))) -> Avr 26 BASE | I3: =IF(I1="","",IF(AND(LEFT(I1,1)<>"Y",LEFT(I1,1)<>"Q",LEFT(I1,1)<>"M"),"Week"&WEEKNUM(DATE(MID(I1,5,4),MID(I1,2,2),1) + (MID(I1,1,1)-1)*7 - 1,2)&" "&MID(I1,7,2)&" "&RIGHT(I1,4),VLOOKUP(LEFT(I1,3),Produits!$A$1:$B$17,2,FALSE)&" "&MID(I1,7,2)&" "&RIGHT(I1,4))) -> Week13 26 PEAK | ... BZ3: =IF(BZ1="","",IF(AND(LEFT(BZ1,1)<>"Y",LEFT(BZ1,1)<>"Q",LEFT(BZ1,1)<>"M"),"Week"&WEEKNUM(DATE(MID(BZ1,5,4),MID(BZ1,2,2),1) + (MID(BZ1,1,1)-1)*7 - 1,2)&" "&MID(BZ1,7,2)&" "&RIGHT(BZ1,4),VLOOKUP(LEFT(BZ1,3),Produits!$A$1:$B$17,2,FALSE)&" "&MID(BZ1,7,2)&" "&RIGHT(BZ1,4)))
A4: 10.02.2026 | B4: 115.34 | C4: 74.82 | D4: 67.02 | E4: 74.83 | F4: 112.57 | G4: 57.33 | H4: 84.52 | I4: 0 | J4: 111.05 | K4: 0 | L4: 116.8 | M4: 68.34 | N4: 62.22 | O4: 56.57 | P4: 102.49 | Q4: 69.86 | R4: 121.82 | S4: 85.19 | T4: 68.28 | U4: 58.17 | V4: 68.15 | W4: 0 | X4: 0 | Y4: 0 | Z4: 0 | AA4: 106.68 | AB4: 76.12 | AC4: 63.78 | AD4: 0 | AE4: 0 | AF4: 67.35 | AG4: 107.5 | AH4: 114.54 | AI4: 74.78 | AJ4: 71.98 | AK4: 60.33 | AL4: 109.72 | AM4: 70.3 | AN4: 67.24 | AO4: 0 | AP4: 63.73 | AQ4: 70.28 | AR4: 68.38 | AS4: 106.97 | AT4: 65.76 | AU4: 0 | AV4: 82.93 | AW4: 76.18 | AX4: 105.82 | AY4: 65.88 | AZ4: 66.11 | BA4: 68.01
A5: 11.02.2026 | B5: 113.21 | C5: 74.52 | D5: 66.66 | E5: 74.41 | F5: 112.38 | G5: 56.94 | H5: 82.81 | I5: 0 | J5: 109.77 | K5: 0 | L5: 116.12 | M5: 68.2 | N5: 62.07 | O5: 57.36 | P5: 101.83 | Q5: 69.55 | R5: 119.38 | S5: 84.5 | T5: 67.72 | U5: 57.6 | V5: 68.07 | W5: 0 | X5: 0 | Y5: 0 | Z5: 0 | AA5: 105.41 | AB5: 75.62 | AC5: 63.47 | AD5: 0 | AE5: 0 | AF5: 67.15 | AG5: 105.65 | AH5: 111.2 | AI5: 74.31 | AJ5: 71.07 | AK5: 60.13 | AL5: 108.54 | AM5: 70.04 | AN5: 66.94 | AO5: 0 | AP5: 63.62 | AQ5: 69.62 | AR5: 68.23 | AS5: 106.62 | AT5: 65.23 | AU5: 0 | AV5: 82.59 | AW5: 75.73 | AX5: 105.14 | AY5: 65.36 | AZ5: 65.67 | BA5: 67.91
A6: 12.02.2026 | B6: 112.19 | C6: 71.79 | D6: 65.84 | E6: 71.63 | F6: 110.31 | G6: 54.1 | H6: 80.64 | I6: 0 | J6: 108.17 | K6: 0 | L6: 114.25 | M6: 66.84 | N6: 59.68 | O6: 53.45 | P6: 99.56 | Q6: 66.75 | R6: 120.15 | S6: 82.04 | T6: 66.84 | U6: 54.47 | V6: 65.72 | W6: 0 | X6: 0 | Y6: 0 | Z6: 0 | AA6: 103.28 | AB6: 73.05 | AC6: 60.47 | AD6: 0 | AE6: 0 | AF6: 66.38 | AG6: 103.72 | AH6: 110.12 | AI6: 72.03 | AJ6: 68.35 | AK6: 57.73 | AL6: 107.61 | AM6: 67.27 | AN6: 65.56 | AO6: 0 | AP6: 60.43 | AQ6: 68.29 | AR6: 66.71 | AS6: 103.78 | AT6: 62.45 | AU6: 0 | AV6: 80.12 | AW6: 73.35 | AX6: 102.91 | AY6: 62.16 | AZ6: 64.72 | BA6: 65.48
A7: 13.02.2026 | B7: 110.03 | C7: 70.54 | D7: 65.35 | E7: 70.7 | F7: 107.05 | G7: 52.7 | H7: 79.84 | I7: 0 | J7: 106.53 | K7: 0 | L7: 112.71 | M7: 67.16 | N7: 57.08 | O7: 53.08 | P7: 96.53 | Q7: 65.61 | R7: 119.81 | S7: 80.01 | T7: 66.36 | U7: 55.2 | V7: 64.69 | W7: 0 | X7: 0 | Y7: 0 | Z7: 0 | AA7: 101.56 | AB7: 73.64 | AC7: 59.24 | AD7: 0 | AE7: 0 | AF7: 65.7 | AG7: 101.47 | AH7: 109.4 | AI7: 70.54 | AJ7: 67.94 | AK7: 54.85 | AL7: 105.48 | AM7: 66.11 | AN7: 66.2 | AO7: 0 | AP7: 60.76 | AQ7: 68.51 | AR7: 66.8 | AS7: 99.6 | AT7: 62.09 | AU7: 0 | AV7: 76.95 | AW7: 72 | AX7: 101.53 | AY7: 62.08 | AZ7: 64.2 | BA7: 64.54
A8: 14.02.2026 | B8: 0 | C8: 0 | D8: 0 | E8: 0 | F8: 0 | G8: 0 | H8: 0 | I8: 0 | J8: 0 | K8: 0 | L8: 0 | M8: 0 | N8: 0 | O8: 0 | P8: 0 | Q8: 0 | R8: 0 | S8: 0 | T8: 0 | U8: 0 | V8: 0 | W8: 0 | X8: 0 | Y8: 0 | Z8: 0 | AA8: 0 | AB8: 0 | AC8: 0 | AD8: 0 | AE8: 0 | AF8: 0 | AG8: 0 | AH8: 0 | AI8: 0 | AJ8: 0 | AK8: 0 | AL8: 0 | AM8: 0 | AN8: 0 | AO8: 0 | AP8: 0 | AQ8: 0 | AR8: 0 | AS8: 0 | AT8: 0 | AU8: 0 | AV8: 0 | AW8: 0 | AX8: 0 | AY8: 0 | AZ8: 0 | BA8: 0
A9: 15.02.2026 | B9: 0 | C9: 0 | D9: 0 | E9: 0 | F9: 0 | G9: 0 | H9: 0 | I9: 0 | J9: 0 | K9: 0 | L9: 0 | M9: 0 | N9: 0 | O9: 0 | P9: 0 | Q9: 0 | R9: 0 | S9: 0 | T9: 0 | U9: 0 | V9: 0 | W9: 0 | X9: 0 | Y9: 0 | Z9: 0 | AA9: 0 | AB9: 0 | AC9: 0 | AD9: 0 | AE9: 0 | AF9: 0 | AG9: 0 | AH9: 0 | AI9: 0 | AJ9: 0 | AK9: 0 | AL9: 0 | AM9: 0 | AN9: 0 | AO9: 0 | AP9: 0 | AQ9: 0 | AR9: 0 | AS9: 0 | AT9: 0 | AU9: 0 | AV9: 0 | AW9: 0 | AX9: 0 | AY9: 0 | AZ9: 0 | BA9: 0
A10: 16.02.2026 | B10: 104.9 | C10: 68.97 | D10: 64.98 | E10: 69 | F10: 105.08 | G10: 51.83 | H10: 75.89 | I10: 0 | J10: 103.3 | K10: 0 | L10: 111.57 | M10: 66.83 | N10: 56.23 | O10: 52.87 | P10: 95.09 | Q10: 64.02 | R10: 109.71 | S10: 79.06 | T10: 66.06 | U10: 54.01 | V10: 63.55 | W10: 96.54 | X10: 0 | Y10: 0 | Z10: 0 | AA10: 100.2 | AB10: 70.47 | AC10: 58.87 | AD10: 0 | AE10: 0 | AF10: 65.29 | AG10: 100.85 | AH10: 103.86 | AI10: 70.43 | AJ10: 65.78 | AK10: 54.24 | AL10: 98.84 | AM10: 64.48 | AN10: 65.83 | AO10: 0 | AP10: 59.21 | AQ10: 67.78 | AR10: 66.49 | AS10: 98.17 | AT10: 60.6 | AU10: 97.29 | AV10: 75.87 | AW10: 72.17 | AX10: 97.17 | AY10: 61.01 | AZ10: 63.96 | BA10: 63.36
A11: 17.02.2026 | B11: 104.66 | C11: 68.91 | D11: 65.5 | E11: 68.7 | F11: 105.31 | G11: 52.33 | H11: 75.87 | I11: 0 | J11: 98.2 | K11: 0 | L11: 110.5 | M11: 67.28 | N11: 56.77 | O11: 52.3 | P11: 95.68 | Q11: 64.07 | R11: 106.57 | S11: 79.5 | T11: 66.7 | U11: 53.11 | V11: 63.4 | W11: 96.69 | X11: 0 | Y11: 0 | Z11: 0 | AA11: 98.45 | AB11: 69.82 | AC11: 59.39 | AD11: 0 | AE11: 0 | AF11: 65.73 | AG11: 101.34 | AH11: 99.63 | AI11: 71.07 | AJ11: 64.95 | AK11: 54.49 | AL11: 98.21 | AM11: 64.91 | AN11: 66.25 | AO11: 0 | AP11: 58.5 | AQ11: 68.57 | AR11: 66.99 | AS11: 98.74 | AT11: 59.32 | AU11: 95.85 | AV11: 76.36 | AW11: 72.77 | AX11: 94.97 | AY11: 59.84 | AZ11: 64.28 | BA11: 63.05
A12: 18.02.2026 | B12: 106.21 | C12: 68.93 | D12: 66.69 | E12: 69.87 | F12: 108.03 | G12: 54.58 | H12: 76.97 | I12: 0 | J12: 101.11 | K12: 0 | L12: 112.13 | M12: 68.19 | N12: 59.44 | O12: 53.75 | P12: 98.75 | Q12: 65.46 | R12: 109.58 | S12: 81.85 | T12: 68.2 | U12: 54 | V12: 64.53 | W12: 101.91 | X12: 0 | Y12: 0 | Z12: 0 | AA12: 102.07 | AB12: 71.55 | AC12: 61.54 | AD12: 0 | AE12: 0 | AF12: 66.71 | AG12: 103.63 | AH12: 102.26 | AI12: 72.68 | AJ12: 65.93 | AK12: 57.23 | AL12: 101.39 | AM12: 66.11 | AN12: 66.97 | AO12: 0 | AP12: 59.86 | AQ12: 69.94 | AR12: 68.3 | AS12: 100.42 | AT12: 60.23 | AU12: 99 | AV12: 78.9 | AW12: 74.48 | AX12: 96.87 | AY12: 60.78 | AZ12: 65.36 | BA12: 64.26
A13: 19.02.2026 | B13: 108.15 | C13: 71.46 | D13: 67.73 | E13: 72.44 | F13: 110.09 | G13: 55.94 | H13: 81.1 | I13: 0 | J13: 100.18 | K13: 0 | L13: 115.78 | M13: 68.55 | N13: 60.59 | O13: 54.88 | P13: 99.47 | Q13: 67.67 | R13: 111.09 | S13: 83.41 | T13: 69.22 | U13: 55.02 | V13: 66.83 | W13: 103.75 | X13: 0 | Y13: 0 | Z13: 0 | AA13: 103.92 | AB13: 74.12 | AC13: 62.49 | AD13: 0 | AE13: 0 | AF13: 67.41 | AG13: 105.52 | AH13: 102.2 | AI13: 72.7 | AJ13: 67.76 | AK13: 58.97 | AL13: 103.83 | AM13: 68.4 | AN13: 67.3 | AO13: 0 | AP13: 61.44 | AQ13: 70.58 | AR13: 69.05 | AS13: 103.45 | AT13: 60.49 | AU13: 99.65 | AV13: 80.55 | AW13: 75.03 | AX13: 99.56 | AY13: 61.93 | AZ13: 65.89 | BA13: 65.89
A14: 20.02.2026 | B14: 103.43 | C14: 70.7 | D14: 68.22 | E14: 71.49 | F14: 110.1 | G14: 56.58 | H14: 78.72 | I14: 0 | J14: 98.82 | K14: 0 | L14: 114.93 | M14: 69.07 | N14: 61.4 | O14: 53.14 | P14: 100.47 | Q14: 67.12 | R14: 106.71 | S14: 84.07 | T14: 69.64 | U14: 54.58 | V14: 65.98 | W14: 100.95 | X14: 0 | Y14: 0 | Z14: 0 | AA14: 104.57 | AB14: 72.17 | AC14: 63.41 | AD14: 0 | AE14: 0 | AF14: 68.07 | AG14: 106.57 | AH14: 98.62 | AI14: 73.42 | AJ14: 66.48 | AK14: 59.72 | AL14: 101.28 | AM14: 68.04 | AN14: 67.86 | AO14: 0 | AP14: 60.07 | AQ14: 70.93 | AR14: 69.5 | AS14: 103.69 | AT14: 59.43 | AU14: 97.16 | AV14: 81.26 | AW14: 75.53 | AX14: 97.33 | AY14: 61.53 | AZ14: 66.53 | BA14: 65.3
A15: 21.02.2026 | B15: 0 | C15: 0 | D15: 0 | E15: 0 | F15: 0 | G15: 0 | H15: 0 | I15: 0 | J15: 0 | K15: 0 | L15: 0 | M15: 0 | N15: 0 | O15: 0 | P15: 0 | Q15: 0 | R15: 0 | S15: 0 | T15: 0 | U15: 0 | V15: 0 | W15: 0 | X15: 0 | Y15: 0 | Z15: 0 | AA15: 0 | AB15: 0 | AC15: 0 | AD15: 0 | AE15: 0 | AF15: 0 | AG15: 0 | AH15: 0 | AI15: 0 | AJ15: 0 | AK15: 0 | AL15: 0 | AM15: 0 | AN15: 0 | AO15: 0 | AP15: 0 | AQ15: 0 | AR15: 0 | AS15: 0 | AT15: 0 | AU15: 0 | AV15: 0 | AW15: 0 | AX15: 0 | AY15: 0 | AZ15: 0 | BA15: 0
... A34: 12.03.2026 | B34: 145.58 | C34: 86.81 | D34: 66.52 | E34: 86.21 | F34: 129.74 | G34: 61.77 | H34: 99.23 | I34: 127.53 | J34: 140.01 | K34: 106.13 | L34: 142.84 | M34: 67.47 | N34: 64.25 | O34: 65.43 | P34: 105.82 | Q34: 81.91 | R34: 0 | S34: 92.92 | T34: 66.51 | U34: 66.81 | V34: 79.66 | W34: 130.51 | X34: 100.97 | Y34: 99.91 | Z34: 91.84 | AA34: 128.9 | AB34: 89.35 | AC34: 66.49 | AD34: 107.31 | AE34: 99.38 | AF34: 66.49 | AG34: 114.34 | AH34: 0 | AI34: 72.6 | AJ34: 84.15 | AK34: 64.11 | AL34: 131.31 | AM34: 79.54 | AN34: 66.73 | AO34: 123 | AP34: 73.99 | AQ34: 68.64 | AR34: 67.38 | AS34: 121.86 | AT34: 78.59 | AU34: 126.57 | AV34: 88.9 | AW34: 75.7 | AX34: 126.2 | AY34: 74.81 | AZ34: 65.41 | BA34: 77.93

Sheet FR
B1: =IF(B2="", "", MID(B2, FIND("_", B2) + 1, 3) & "_" & MID(B2, FIND("_", B2) + 4, 4) & "_" & MID(B2, FIND("_",B2, FIND("_",B2) + 1) + 1, 4)) -> Q02_2026_PEAK | C1: =IF(C2="", "", MID(C2, FIND("_", C2) + 1, 3) & "_" & MID(C2, FIND("_", C2) + 4, 4) & "_" & MID(C2, FIND("_",C2, FIND("_",C2) + 1) + 1, 4)) -> Q03_2026_PEAK | D1: =IF(D2="", "", MID(D2, FIND("_", D2) + 1, 3) & "_" & MID(D2, FIND("_", D2) + 4, 4) & "_" & MID(D2, FIND("_",D2, FIND("_",D2) + 1) + 1, 4)) -> Q02_2027_BASE | E1: =IF(E2="", "", MID(E2, FIND("_", E2) + 1, 3) & "_" & MID(E2, FIND("_", E2) + 4, 4) & "_" & MID(E2, FIND("_",E2, FIND("_",E2) + 1) + 1, 4)) -> Y01_2032_BASE | F1: =IF(F2="", "", MID(F2, FIND("_", F2) + 1, 3) & "_" & MID(F2, FIND("_", F2) + 4, 4) & "_" & MID(F2, FIND("_",F2, FIND("_",F2) + 1) + 1, 4)) -> Y01_2029_PEAK | G1: =IF(G2="", "", MID(G2, FIND("_", G2) + 1, 3) & "_" & MID(G2, FIND("_", G2) + 4, 4) & "_" & MID(G2, FIND("_",G2, FIND("_",G2) + 1) + 1, 4)) -> 203_2026_BASE | H1: =IF(H2="", "", MID(H2, FIND("_", H2) + 1, 3) & "_" & MID(H2, FIND("_", H2) + 4, 4) & "_" & MID(H2, FIND("_",H2, FIND("_",H2) + 1) + 1, 4)) -> 303_2026_BASE | I1: =IF(I2="", "", MID(I2, FIND("_", I2) + 1, 3) & "_" & MID(I2, FIND("_", I2) + 4, 4) & "_" & MID(I2, FIND("_",I2, FIND("_",I2) + 1) + 1, 4)) -> Y01_2027_BASE | ... CD1: =IF(CD2="", "", MID(CD2, FIND("_", CD2) + 1, 3) & "_" & MID(CD2, FIND("_", CD2) + 4, 4) & "_" & MID(CD2, FIND("_",CD2, FIND("_",CD2) + 1) + 1, 4))
B2: FR000EEX0F7PQ_Q022026_PEAK0000000 | C2: FR000EEX0F7PQ_Q032026_PEAK0000000 | D2: FR000EEX0F7BQ_Q022027_BASE0000000 | E2: FR000EEX0F7BY_Y012032_BASE0000000 | F2: FR000EEX0F7PY_Y012029_PEAK0000000 | G2: FR000EEX0F7B2_2032026_BASE0000000 | H2: FR000EEX0F7B3_3032026_BASE0000000 | I2: FR000EEX0F7BY_Y012027_BASE0000000 | J2: FR000EEX0F7BY_Y012028_BASE0000000 | K2: FR000EEX0F7PY_Y012027_PEAK0000000 | L2: FR000EEX0F7PQ_Q042026_PEAK0000000 | M2: FR000EEX0F7PQ_Q042027_PEAK0000000 | N2: FR000EEX0F7P3_3032026_PEAK0000000 | O2: FR000EEX0F7BQ_Q042027_BASE0000000 | P2: FR000EEX0F7PQ_Q032027_PEAK0000000 | Q2: FR000EEX0F7PM_M042026_PEAK0000000 | R2: FR000EEX0F7BM_M092026_BASE0000000 | S2: FR000EEX0F7B5_5032026_BASE0000000 | T2: FR000EEX0F7P2_2032026_PEAK0000000 | U2: FR000EEX0F7B1_1042026_BASE0000000 | V2: FR000EEX0F7BQ_Q042028_BASE0000000 | W2: FR000EEX0F7BY_Y012029_BASE0000000 | X2: FR000EEX0F7BQ_Q022028_BASE0000000 | Y2: FR000EEX0F7PQ_Q012027_PEAK0000000 | Z2: FR000EEX0F7BQ_Q032027_BASE0000000 | AA2: FR000EEX0F7PM_M052026_PEAK0000000 | AB2: FR000EEX0F7BM_M082026_BASE0000000 | AC2: FR000EEX0F7BM_M102026_BASE0000000 | AD2: FR000EEX0F7PY_Y012031_PEAK0000000 | AE2: FR000EEX0F7B4_4032026_BASE0000000 | AF2: FR000EEX0F7P4_4032026_PEAK0000000 | AG2: FR000EEX0F7B2_2042026_BASE0000000 | AH2: FR000EEX0F7P2_2042026_PEAK0000000 | AI2: FR000EEX0F7BQ_Q012028_BASE0000000 | AJ2: FR000EEX0F7BM_M032026_BASE0000000 | AK2: FR000EEX0F7BM_M052026_BASE0000000 | AL2: FR000EEX0F7PY_Y012028_PEAK0000000 | AM2: FR000EEX0F7BQ_Q022026_BASE0000000 | AN2: FR000EEX0F7BQ_Q032026_BASE0000000 | AO2: FR000EEX0F7BY_Y012031_BASE0000000 | AP2: FR000EEX0F7BY_Y012033_BASE0000000 | AQ2: FR000EEX0F7BY_Y012034_BASE0000000 | AR2: FR000EEX0F7PQ_Q012028_PEAK0000000 | AS2: FR000EEX0F7BM_M072026_BASE0000000 | AT2: FR000EEX0F7PY_Y012030_PEAK0000000 | AU2: FR000EEX0F7BY_Y012036_BASE0000000 | AV2: FR000EEX0F7PY_Y012032_PEAK0000000 | AW2: FR000EEX0F7BM_M062026_BASE0000000 | AX2: FR000EEX0F7P1_1042026_PEAK0000000 | AY2: FR000EEX0F7BQ_Q042026_BASE0000000 | AZ2: FR000EEX0F7BQ_Q012027_BASE0000000 | BA2: FR000EEX0F7BY_Y012030_BASE0000000 | BB2: FR000EEX0F7BY_Y012035_BASE0000000 | BC2: FR000EEX0F7PQ_Q022027_PEAK0000000 | BD2: FR000EEX0F7PM_M032026_PEAK0000000 | BE2: FR000EEX0F7BM_M042026_BASE0000000 | BF2: FR000EEX0F7PM_M062026_PEAK0000000 | BG2: FR000EEX0F7PQ_Q042028_PEAK0000000 | BH2: FR000EEX0F7P5_5032026_PEAK0000000
A3: Date | B3: =IF(B1="","",IF(AND(LEFT(B1,1)<>"Y",LEFT(B1,1)<>"Q",LEFT(B1,1)<>"M"),"Week"&WEEKNUM(DATE(MID(B1,5,4),MID(B1,2,2),1) + (MID(B1,1,1)-1)*7 - 1,2)&" "&MID(B1,7,2)&" "&RIGHT(B1,4),VLOOKUP(LEFT(B1,3),Produits!$A$1:$B$17,2,FALSE)&" "&MID(B1,7,2)&" "&RIGHT(B1,4))) -> Q2 26 PEAK | C3: =IF(C1="","",IF(AND(LEFT(C1,1)<>"Y",LEFT(C1,1)<>"Q",LEFT(C1,1)<>"M"),"Week"&WEEKNUM(DATE(MID(C1,5,4),MID(C1,2,2),1) + (MID(C1,1,1)-1)*7 - 1,2)&" "&MID(C1,7,2)&" "&RIGHT(C1,4),VLOOKUP(LEFT(C1,3),Produits!$A$1:$B$17,2,FALSE)&" "&MID(C1,7,2)&" "&RIGHT(C1,4))) -> Q3 26 PEAK | D3: =IF(D1="","",IF(AND(LEFT(D1,1)<>"Y",LEFT(D1,1)<>"Q",LEFT(D1,1)<>"M"),"Week"&WEEKNUM(DATE(MID(D1,5,4),MID(D1,2,2),1) + (MID(D1,1,1)-1)*7 - 1,2)&" "&MID(D1,7,2)&" "&RIGHT(D1,4),VLOOKUP(LEFT(D1,3),Produits!$A$1:$B$17,2,FALSE)&" "&MID(D1,7,2)&" "&RIGHT(D1,4))) -> Q2 27 BASE | E3: =IF(E1="","",IF(AND(LEFT(E1,1)<>"Y",LEFT(E1,1)<>"Q",LEFT(E1,1)<>"M"),"Week"&WEEKNUM(DATE(MID(E1,5,4),MID(E1,2,2),1) + (MID(E1,1,1)-1)*7 - 1,2)&" "&MID(E1,7,2)&" "&RIGHT(E1,4),VLOOKUP(LEFT(E1,3),Produits!$A$1:$B$17,2,FALSE)&" "&MID(E1,7,2)&" "&RIGHT(E1,4))) -> Cal 32 BASE | F3: =IF(F1="","",IF(AND(LEFT(F1,1)<>"Y",LEFT(F1,1)<>"Q",LEFT(F1,1)<>"M"),"Week"&WEEKNUM(DATE(MID(F1,5,4),MID(F1,2,2),1) + (MID(F1,1,1)-1)*7 - 1,2)&" "&MID(F1,7,2)&" "&RIGHT(F1,4),VLOOKUP(LEFT(F1,3),Produits!$A$1:$B$17,2,FALSE)&" "&MID(F1,7,2)&" "&RIGHT(F1,4))) -> Cal 29 PEAK | G3: =IF(G1="","",IF(AND(LEFT(G1,1)<>"Y",LEFT(G1,1)<>"Q",LEFT(G1,1)<>"M"),"Week"&WEEKNUM(DATE(MID(G1,5,4),MID(G1,2,2),1) + (MID(G1,1,1)-1)*7 - 1,2)&" "&MID(G1,7,2)&" "&RIGHT(G1,4),VLOOKUP(LEFT(G1,3),Produits!$A$1:$B$17,2,FALSE)&" "&MID(G1,7,2)&" "&RIGHT(G1,4))) -> Week10 26 BASE | H3: =IF(H1="","",IF(AND(LEFT(H1,1)<>"Y",LEFT(H1,1)<>"Q",LEFT(H1,1)<>"M"),"Week"&WEEKNUM(DATE(MID(H1,5,4),MID(H1,2,2),1) + (MID(H1,1,1)-1)*7 - 1,2)&" "&MID(H1,7,2)&" "&RIGHT(H1,4),VLOOKUP(LEFT(H1,3),Produits!$A$1:$B$17,2,FALSE)&" "&MID(H1,7,2)&" "&RIGHT(H1,4))) -> Week11 26 BASE | I3: =IF(I1="","",IF(AND(LEFT(I1,1)<>"Y",LEFT(I1,1)<>"Q",LEFT(I1,1)<>"M"),"Week"&WEEKNUM(DATE(MID(I1,5,4),MID(I1,2,2),1) + (MID(I1,1,1)-1)*7 - 1,2)&" "&MID(I1,7,2)&" "&RIGHT(I1,4),VLOOKUP(LEFT(I1,3),Produits!$A$1:$B$17,2,FALSE)&" "&MID(I1,7,2)&" "&RIGHT(I1,4))) -> Cal 27 BASE | ... BZ3: =IF(BZ1="","",IF(AND(LEFT(BZ1,1)<>"Y",LEFT(BZ1,1)<>"Q",LEFT(BZ1,1)<>"M"),"Week"&WEEKNUM(DATE(MID(BZ1,5,4),MID(BZ1,2,2),1) + (MID(BZ1,1,1)-1)*7 - 1,2)&" "&MID(BZ1,7,2)&" "&RIGHT(BZ1,4),VLOOKUP(LEFT(BZ1,3),Produits!$A$1:$B$17,2,FALSE)&" "&MID(BZ1,7,2)&" "&RIGHT(BZ1,4)))
A4: 10.02.2026 | B4: 17 | C4: 30.14 | D4: 23.36 | E4: 54.79 | F4: 56.63 | G4: 64.22 | H4: 63 | I4: 48.71 | J4: 47.11 | K4: 52.87 | L4: 84.56 | M4: 78.72 | N4: 67 | O4: 62.87 | P4: 28.97 | Q4: 25.55 | R4: 42.68 | S4: 0 | T4: 71 | U4: 0 | V4: 0 | W4: 48.7 | X4: 0 | Y4: 87.07 | Z4: 33.8 | AA4: 9.13 | AB4: 31.45 | AC4: 57.95 | AD4: 0 | AE4: 0 | AF4: 0 | AG4: 0 | AH4: 0 | AI4: 69.16 | AJ4: 55.65 | AK4: 18.3 | AL4: 53.02 | AM4: 25.8 | AN4: 35.75 | AO4: 52.05 | AP4: 53.54 | AQ4: 54.16 | AR4: 83 | AS4: 33.35 | AT4: 58.85 | AU4: 55.4 | AV4: 0 | AW4: 23.13 | AX4: 0 | AY4: 71.09 | AZ4: 75.11 | BA4: 49.75 | BB4: 54.78 | BC4: 17.22 | BD4: 58.5 | BE4: 36.22 | BF4: 15.96 | BG4: 80.52 | BH4: 0
A5: 11.02.2026 | B5: 16.98 | C5: 29.96 | D5: 23.95 | E5: 54.89 | F5: 56.1 | G5: 61.41 | H5: 58 | I5: 49.16 | J5: 47.4 | K5: 53.52 | L5: 83.9 | M5: 79.61 | N5: 62 | O5: 63.92 | P5: 29.52 | Q5: 25.1 | R5: 43.52 | S5: 0 | T5: 66 | U5: 0 | V5: 0 | W5: 48.91 | X5: 23 | Y5: 87.57 | Z5: 34.14 | AA5: 8.6 | AB5: 30.39 | AC5: 57.49 | AD5: 0 | AE5: 0 | AF5: 0 | AG5: 0 | AH5: 0 | AI5: 69.59 | AJ5: 54.31 | AK5: 18.08 | AL5: 53.45 | AM5: 25.51 | AN5: 35.33 | AO5: 52.15 | AP5: 53.64 | AQ5: 54.26 | AR5: 84.4 | AS5: 32.35 | AT5: 58.75 | AU5: 55.5 | AV5: 0 | AW5: 23.31 | AX5: 0 | AY5: 70.53 | AZ5: 74.92 | BA5: 49.85 | BB5: 54.88 | BC5: 17.87 | BD5: 57 | BE5: 35.39 | BF5: 16.85 | BG5: 80 | BH5: 0
A6: 12.02.2026 | B6: 17 | C6: 29.65 | D6: 24.38 | E6: 53.5 | F6: 56.63 | G6: 64 | H6: 58 | I6: 49.73 | J6: 48.56 | K6: 53.93 | L6: 83.25 | M6: 81.8 | N6: 62 | O6: 65.5 | P6: 29.54 | Q6: 25.12 | R6: 43.38 | S6: 0 | T6: 70 | U6: 0 | V6: 0 | W6: 49.25 | X6: 22.96 | Y6: 86.69 | Z6: 34.57 | AA6: 8.79 | AB6: 29.68 | AC6: 57.07 | AD6: 0 | AE6: 0 | AF6: 0 | AG6: 0 | AH6: 0 | AI6: 71.29 | AJ6: 55.11 | AK6: 17.63 | AL6: 53.84 | AM6: 25.05 | AN6: 34.83 | AO6: 50.65 | AP6: 52.25 | AQ6: 52.87 | AR6: 85.02 | AS6: 31.7 | AT6: 58.5 | AU6: 54.11 | AV6: 0 | AW6: 22.33 | AX6: 0 | AY6: 70.01 | AZ6: 74.73 | BA6: 49.63 | BB6: 53.49 | BC6: 18.14 | BD6: 58.21 | BE6: 35.43 | BF6: 16.71 | BG6: 80.58 | BH6: 0
A7: 13.02.2026 | B7: 16.61 | C7: 28.84 | D7: 25.53 | E7: 54.2 | F7: 56.93 | G7: 61 | H7: 56 | I7: 50.53 | J7: 49.8 | K7: 54.3 | L7: 82.8 | M7: 81.86 | N7: 60 | O7: 66.92 | P7: 30.87 | Q7: 25.06 | R7: 43.25 | S7: 0 | T7: 67 | U7: 0 | V7: 0 | W7: 50.25 | X7: 23.55 | Y7: 85.62 | Z7: 35.63 | AA7: 8.06 | AB7: 29.67 | AC7: 57.06 | AD7: 0 | AE7: 0 | AF7: 0 | AG7: 0 | AH7: 0 | AI7: 73.11 | AJ7: 52.38 | AK7: 16.98 | AL7: 54.75 | AM7: 24.4 | AN7: 34.77 | AO7: 51.35 | AP7: 52.95 | AQ7: 53.57 | AR7: 86.46 | AS7: 31.67 | AT7: 58.35 | AU7: 54.81 | AV7: 0 | AW7: 21.86 | AX7: 0 | AY7: 70 | AZ7: 74.28 | BA7: 50.33 | BB7: 54.19 | BC7: 19.27 | BD7: 56.27 | BE7: 34.62 | BF7: 16.32 | BG7: 83.1 | BH7: 0
A8: 14.02.2026 | B8: 0 | C8: 0 | D8: 0 | E8: 0 | F8: 0 | G8: 0 | H8: 0 | I8: 0 | J8: 0 | K8: 0 | L8: 0 | M8: 0 | N8: 0 | O8: 0 | P8: 0 | Q8: 0 | R8: 0 | S8: 0 | T8: 0 | U8: 0 | V8: 0 | W8: 0 | X8: 0 | Y8: 0 | Z8: 0 | AA8: 0 | AB8: 0 | AC8: 0 | AD8: 0 | AE8: 0 | AF8: 0 | AG8: 0 | AH8: 0 | AI8: 0 | AJ8: 0 | AK8: 0 | AL8: 0 | AM8: 0 | AN8: 0 | AO8: 0 | AP8: 0 | AQ8: 0 | AR8: 0 | AS8: 0 | AT8: 0 | AU8: 0 | AV8: 0 | AW8: 0 | AX8: 0 | AY8: 0 | AZ8: 0 | BA8: 0 | BB8: 0 | BC8: 0 | BD8: 0 | BE8: 0 | BF8: 0 | BG8: 0 | BH8: 0
A9: 15.02.2026 | B9: 0 | C9: 0 | D9: 0 | E9: 0 | F9: 0 | G9: 0 | H9: 0 | I9: 0 | J9: 0 | K9: 0 | L9: 0 | M9: 0 | N9: 0 | O9: 0 | P9: 0 | Q9: 0 | R9: 0 | S9: 0 | T9: 0 | U9: 0 | V9: 0 | W9: 0 | X9: 0 | Y9: 0 | Z9: 0 | AA9: 0 | AB9: 0 | AC9: 0 | AD9: 0 | AE9: 0 | AF9: 0 | AG9: 0 | AH9: 0 | AI9: 0 | AJ9: 0 | AK9: 0 | AL9: 0 | AM9: 0 | AN9: 0 | AO9: 0 | AP9: 0 | AQ9: 0 | AR9: 0 | AS9: 0 | AT9: 0 | AU9: 0 | AV9: 0 | AW9: 0 | AX9: 0 | AY9: 0 | AZ9: 0 | BA9: 0 | BB9: 0 | BC9: 0 | BD9: 0 | BE9: 0 | BF9: 0 | BG9: 0 | BH9: 0
A10: 16.02.2026 | B10: 15.8 | C10: 28.97 | D10: 25.1 | E10: 54.07 | F10: 57.18 | G10: 52.8 | H10: 47.5 | I10: 49.87 | J10: 49.28 | K10: 53.87 | L10: 82.91 | M10: 79.92 | N10: 53.5 | O10: 65.18 | P10: 31.03 | Q10: 23.03 | R10: 42.97 | S10: 0 | T10: 62.63 | U10: 0 | V10: 0 | W10: 50.27 | X10: 23.3 | Y10: 85.64 | Z10: 35.46 | AA10: 8.13 | AB10: 29.53 | AC10: 56.67 | AD10: 0 | AE10: 47 | AF10: 51 | AG10: 0 | AH10: 0 | AI10: 72.35 | AJ10: 47.27 | AK10: 16.29 | AL10: 54.75 | AM10: 23.24 | AN10: 34.53 | AO10: 51.22 | AP10: 52.82 | AQ10: 53.44 | AR10: 86.46 | AS10: 31.36 | AT10: 58.4 | AU10: 54.68 | AV10: 0 | AW10: 21.08 | AX10: 0 | AY10: 69.52 | AZ10: 74 | BA10: 50.2 | BB10: 54.06 | BC10: 19.33 | BD10: 51.4 | BE10: 32.58 | BF10: 15.89 | BG10: 83.1 | BH10: 0
A11: 17.02.2026 | B11: 15.94 | C11: 29.8 | D11: 25.33 | E11: 54.68 | F11: 57.63 | G11: 45.25 | H11: 44 | I11: 50.02 | J11: 49.36 | K11: 54.14 | L11: 82.48 | M11: 80.53 | N11: 50 | O11: 65.52 | P11: 31.51 | Q11: 23.45 | R11: 43.54 | S11: 0 | T11: 56.5 | U11: 0 | V11: 0 | W11: 50.5 | X11: 23.34 | Y11: 85.54 | Z11: 35.45 | AA11: 8.34 | AB11: 30.11 | AC11: 56.84 | AD11: 0 | AE11: 43.5 | AF11: 47.5 | AG11: 0 | AH11: 0 | AI11: 72.47 | AJ11: 42.87 | AK11: 16.23 | AL11: 55.14 | AM11: 23.21 | AN11: 35.23 | AO11: 51.83 | AP11: 53.43 | AQ11: 54.05 | AR11: 87.08 | AS11: 32.31 | AT11: 58.99 | AU11: 55.29 | AV11: 0 | AW11: 20.7 | AX11: 0 | AY11: 69.73 | AZ11: 74.03 | BA11: 50.81 | BB11: 54.67 | BC11: 19.4 | BD11: 46.78 | BE11: 32.93 | BF11: 15.69 | BG11: 83.69 | BH11: 0
A12: 18.02.2026 | B12: 17.35 | C12: 31.32 | D12: 26 | E12: 55.45 | F12: 58.74 | G12: 54.97 | H12: 48.8 | I12: 51.2 | J12: 50.38 | K12: 54.84 | L12: 83.47 | M12: 81.13 | N12: 54.75 | O12: 66.35 | P12: 32.55 | Q12: 26.48 | R12: 45.47 | S12: 0 | T12: 57.82 | U12: 0 | V12: 0 | W12: 51.41 | X12: 23.82 | Y12: 85.96 | Z12: 36.94 | AA12: 8.78 | AB12: 30.96 | AC12: 58.04 | AD12: 0 | AE12: 43.25 | AF12: 47.5 | AG12: 0 | AH12: 0 | AI12: 73.97 | AJ12: 46.49 | AK12: 17.36 | AL12: 55.96 | AM12: 25.2 | AN12: 36.89 | AO12: 52.6 | AP12: 54.2 | AQ12: 54.82 | AR12: 88.38 | AS12: 34.52 | AT12: 59.92 | AU12: 56.06 | AV12: 0 | AW12: 21.69 | AX12: 0 | AY12: 71.2 | AZ12: 75.77 | BA12: 51.58 | BB12: 55.44 | BC12: 20.15 | BD12: 49.5 | BE12: 36.81 | BF12: 16.4 | BG12: 84.93 | BH12: 0
A13: 19.02.2026 | B13: 19 | C13: 32.98 | D13: 26.75 | E13: 57.37 | F13: 60.01 | G13: 58.61 | H13: 52.25 | I13: 52.89 | J13: 52.14 | K13: 56.61 | L13: 87.13 | M13: 84.38 | N13: 58.25 | O13: 69.2 | P13: 32.82 | Q13: 28 | R13: 47.04 | S13: 0 | T13: 62.75 | U13: 0 | V13: 0 | W13: 52.85 | X13: 24.65 | Y13: 89.06 | Z13: 37.49 | AA13: 10.19 | AB13: 32.34 | AC13: 60.24 | AD13: 0 | AE13: 47 | AF13: 51 | AG13: 0 | AH13: 0 | AI13: 76.55 | AJ13: 49.11 | AK13: 18.15 | AL13: 57.56 | AM13: 26.6 | AN13: 38.34 | AO13: 54.52 | AP13: 56.12 | AQ13: 56.74 | AR13: 90.91 | AS13: 35.92 | AT13: 61.62 | AU13: 57.98 | AV13: 0 | AW13: 23.13 | AX13: 0 | AY13: 73.9 | AZ13: 78.39 | BA13: 53.5 | BB13: 57.36 | BC13: 20.62 | BD13: 51.64 | BE13: 38.79 | BF13: 18.4 | BG13: 87.36 | BH13: 0
A14: 20.02.2026 | B14: 18.47 | C14: 32.99 | D14: 26.99 | E14: 58.06 | F14: 60.58 | G14: 50.3 | H14: 49 | I14: 53.3 | J14: 52.54 | K14: 57.61 | L14: 87.14 | M14: 85.89 | N14: 55 | O14: 70.53 | P14: 33.96 | Q14: 26.91 | R14: 47 | S14: 0 | T14: 53.5 | U14: 0 | V14: 0 | W14: 53.54 | X14: 24.84 | Y14: 89.22 | Z14: 37.59 | AA14: 10.06 | AB14: 32.73 | AC14: 60.01 | AD14: 0 | AE14: 46 | AF14: 50 | AG14: 0 | AH14: 0 | AI14: 77.14 | AJ14: 46.02 | AK14: 17.76 | AL14: 58.13 | AM14: 25.37 | AN14: 38.23 | AO14: 55.21 | AP14: 56.81 | AQ14: 57.43 | AR14: 91.81 | AS14: 35.24 | AT14: 62.36 | AU14: 58.67 | AV14: 0 | AW14: 22.32 | AX14: 0 | AY14: 73.62 | AZ14: 78.34 | BA14: 54.19 | BB14: 58.05 | BC14: 21.78 | BD14: 48.94 | BE14: 36.29 | BF14: 18.07 | BG14: 88.23 | BH14: 0
A15: 21.02.2026 | B15: 0 | C15: 0 | D15: 0 | E15: 0 | F15: 0 | G15: 0 | H15: 0 | I15: 0 | J15: 0 | K15: 0 | L15: 0 | M15: 0 | N15: 0 | O15: 0 | P15: 0 | Q15: 0 | R15: 0 | S15: 0 | T15: 0 | U15: 0 | V15: 0 | W15: 0 | X15: 0 | Y15: 0 | Z15: 0 | AA15: 0 | AB15: 0 | AC15: 0 | AD15: 0 | AE15: 0 | AF15: 0 | AG15: 0 | AH15: 0 | AI15: 0 | AJ15: 0 | AK15: 0 | AL15: 0 | AM15: 0 | AN15: 0 | AO15: 0 | AP15: 0 | AQ15: 0 | AR15: 0 | AS15: 0 | AT15: 0 | AU15: 0 | AV15: 0 | AW15: 0 | AX15: 0 | AY15: 0 | AZ15: 0 | BA15: 0 | BB15: 0 | BC15: 0 | BD15: 0 | BE15: 0 | BF15: 0 | BG15: 0 | BH15: 0
... A34: 12.03.2026 | B34: 22.11 | C34: 34.15 | D34: 24.8 | E34: 58.93 | F34: 60.02 | G34: 0 | H34: 74.52 | I34: 56.58 | J34: 50.67 | K34: 63.75 | L34: 110.75 | M34: 93 | N34: 74.54 | O34: 74.61 | P34: 33.63 | Q34: 33.55 | R34: 48.87 | S34: 52.65 | T34: 0 | U34: 52.25 | V34: 70.28 | W34: 52.95 | X34: 23.96 | Y34: 108.51 | Z34: 33.86 | AA34: 13.87 | AB34: 32.45 | AC34: 74.44 | AD34: 65.63 | AE34: 44.49 | AF34: 39.82 | AG34: 46 | AH34: 38 | AI34: 77.85 | AJ34: 57.69 | AK34: 20.46 | AL34: 57.9 | AM34: 29.55 | AN34: 39.82 | AO34: 56.08 | AP34: 57.68 | AQ34: 58.3 | AR34: 92.72 | AS34: 38.43 | AT34: 63.19 | AU34: 59.54 | AV34: 65.68 | AW34: 23.5 | AX34: 47.5 | AY34: 90.57 | AZ34: 93.51 | BA34: 55.06 | BB34: 58.92 | BC34: 20.55 | BD34: 55.71 | BE34: 44.98 | BF34: 18.53 | BG34: 89.06 | BH34: 51.63

Sheet Produits
A1: Y01 | B1: Cal
A2: Q01 | B2: Q1
A3: Q02 | B3: Q2
A4: Q03 | B4: Q3
A5: Q04 | B5: Q4
A6: M01 | B6: Jan
A7: M02 | B7: Fév
A8: M03 | B8: Mars
A9: M04 | B9: Avr
A10: M05 | B10: Mai
A11: M06 | B11: Juin
A12: M07 | B12: Juil
... A17: M12 | B17: Déc
